specimen,broad_taxon_for_plotting,family,genus,species,life_history_notes,trait,armored,Semi-aquatic,n_cervical,n_thoracic,n_lumbar,color,marker,notes,Total Vert
agamidae_agama_atra_uf180711,iguania,Agamidae,Agama,atra,rock dweller,saxicolous,n,n,5,9,7,"(0.78, 0.16, 0.16)",o',,21
agamidae_draco_blanfordi_uf61535,iguania,Agamidae,Draco,blanfordii,"Arboreal, flying",Arboreal,n,n,4,10,8,"(0.78, 0.16, 0.16)",d',,22
agamidae_leiolepis_belliana_ncsm79583,iguania,Agamidae,Leiolepis,belliana,"terrestrial, but digs burrows",terrestrial,n,n,5,5,12,"(0.78, 0.16, 0.16)",X',,22
agamidae_uromastyx_uf84845,iguania,Agamidae,Uromastyx,acanthinurus,rock dweller; desert,saxicolous,n,n,5,5,12,"(0.78, 0.16, 0.16)",o',,22
amphisbaenidae_amphisbaena_bolivica,amphisbaenea,Amphisbaenidae,Amphisbaena,bolivica,burrowing,fossorial,n,n,NA,NA,NA,"(0.60, 0.50, 0.46)",s',not reliable to distinguish c/t/l split,103
amphisbaenidae_bipes_biporus_uf42060,amphisbaenea,Bipedidae,Bipes,biporus,burrowing,fossorial,n,n,NA,NA,NA,"(0.60, 0.50, 0.46)",s',not reliable to distinguish c/t/l split,0
amphisbaenidae_bipes_sp,amphisbaenea,Bipedidae,Bipes,biporus,burrowing,fossorial,n,n,NA,NA,NA,"(0.60, 0.50, 0.46)",s',not reliable to distinguish c/t/l split,128
amphisbaenidae_blanus_cinereus,amphisbaenea,Blanidae,Blanus,cinereus,burrowing,fossorial,n,n,NA,NA,NA,"(0.60, 0.50, 0.46)",s',not reliable to distinguish c/t/l split,116
amphisbaenidae_cadea_blanoides,amphisbaenea,Cadeidae,Cadea,blanoides,burrowing,fossorial,n,n,NA,NA,NA,"(0.60, 0.50, 0.46)",s',not reliable to distinguish c/t/l split,106
amphisbaenidae_diplometopon_zarudnyi_uf68567,amphisbaenea,Trogonophidae,Diplometopon,zarudnyi,burrowing,fossorial,n,n,5,4,72,"(0.60, 0.50, 0.46)",s',,81
anguidae_celestus_hylaius_uf-75794,anguimorpha,Anguidae,Celestus,hylaius,reduced limbed terrestrial; lives in leaf litter,terrestrial,n,n,5,8,21,"(1.00, 0.79, 0.20)",X',,34
anguidae_elgaria_kingi_uf74645,anguimorpha,Anguidae,Elgaria,kingii,armoured terrestrial,terrestrial,y,n,5,10,15,"(1.00, 0.79, 0.20)",X',,30
anguidae_pseudopus_apodus_ku87837,anguimorpha,Anguidae,Pseudopus,apodus,terrestrial/burrowing,terrstrial/burrowing,y,n,1,3,52,"(1.00, 0.79, 0.20)",s',,56
anolidae_anolis_carolinensis_uf102367,iguania,Anolidae,Anolis,carolinensis,arboreal,arboreal,n,n,5,5,11,"(0.78, 0.16, 0.16)",d',,21
boiidae_eryx conicus uf-herp-66735,snake,Snake Boiidae,Eryx ,conicus,terrestrial/burrowing,terrestrial/burrowing,n,n,0,1,0,"(0.25, 0.22, 0.2)",2',,1
carphodactylidae_phyllurus_platurus_uf126970,gekkota,Gekkota-Carphodactylidae,Phyllurus,platurus,Arboreal/Saxicolus,arboreal/saxicolus,n,n,5,5,13,"(0.41, 0.227, 0.6)",d',,23
chamaeleonidae_chamaeleo_calyptratus_uf-191369,iguania,Chamelonidae,Chameleo,Calyptratus,Arboreal,arboreal,n,n,5,8,7,"(0.78, 0.16, 0.16)",d',,20
cordylidae_chamaesaura_aenea,cordylidae,Cordylidae,Chamaesaura,aenea,swims in grass,grass swimmer,n,n,5,11,25,"(0.10, 0.51, 0.40)",P',,41
cordylidae_chamaesaura_macrolepis_amnh,cordylidae,Cordylidae,Chamaesaura,anguina oligopholis,swims in grass,grass swimmer,n,n,5,13,17,"(0.10, 0.51, 0.40)",P',,35
cordylidae_chamaesaura_oligo,cordylidae,Cordylidae,Chamaesaura,tenuior,swims in grass,grass swimmer,n,n,5,9,21,"(0.10, 0.51, 0.40)",P',,35
cordylidae_chamaesaura_tenuior,cordylidae,Cordylidae,Chamaesaura,macrolepis,swims in grass,grass swimmer,n,n,4,6,25,"(0.10, 0.51, 0.40)",P',,35
cordylidae_cordylus_cordylus,cordylidae,Cordylidae,Cordylus,jonesi,Semi-arboreal,semi-arboreal,y,n,5,9,9,"(0.10, 0.51, 0.40)",d',,23
cordylidae_cordylus_cultratus,cordylidae,Cordylidae,Cordylus,namakuiyus,Saxicolous,saxicolous,y,n,1,0,0,"(0.10, 0.51, 0.40)",o',,1
cordylidae_cordylus_jonesi_mcz,cordylidae,Cordylidae,Cordylus,cordylus,Saxicolous,saxicolous,y,n,5,9,10,"(0.10, 0.51, 0.40)",o',,24
cordylidae_cordylus_namakuiyus,cordylidae,Cordylidae,Cordylus,cultratus,saxicolous,saxicolous,y,n,5,10,8,"(0.10, 0.51, 0.40)",o',,23
cordylidae_hemicordylus_capensis_hc,cordylidae,Cordylidae,Hemicordylus,capensis,Saxicolous,saxicolous,y,n,5,9,9,"(0.10, 0.51, 0.40)",o',,23
cordylidae_karusaurus_jordani,cordylidae,Cordylidae,Karusaurus,jordani,Saxicolous,saxicolous,y,n,4,8,11,"(0.10, 0.51, 0.40)",o',,23
cordylidae_namazonurus_campbelli,cordylidae,Cordylidae,Namazonurus,campbelli,Saxicolous,saxicolous,y,n,5,9,10,"(0.10, 0.51, 0.40)",o',,24
cordylidae_ninurta_coerleo_ni,cordylidae,Cordylidae,Ninurta,coeruleopunctatus,Saxicolous,saxicolous,y,n,5,9,9,"(0.10, 0.51, 0.40)",o',,23
cordylidae_ouroborus_cataphractus_amnh,cordylidae,Cordylidae,Ouroborus,cataphractus,Saxicolous; bites tail to front,bites tail to front,y,n,5,6,10,"(0.082, 0.76, 0.92)",v',,21
cordylidae_ouroborus_cataphractus_cas2068412,cordylidae,Cordylidae,Ouroborus,cataphractus,Saxicolous; bites tail to front,bites tail to front,y,n,5,9,7,"(0.082, 0.76, 0.92)",v',,21
cordylidae_ouroborus_cataphractus_mcz,cordylidae,Cordylidae,Ouroborus,cataphractus,Saxicolous; bites tail to front,bites tail to front,y,n,5,7,9,"(0.082, 0.76, 0.92)",v',,21
cordylidae_ouroborus_cataphractus_uf191433,cordylidae,Cordylidae,Ouroborus,cataphractus,Saxicolous; bites tail to front,bites tail to front,y,n,5,9,7,"(0.082, 0.76, 0.92)",v',,21
cordylidae_ouroborus_ypm,cordylidae,Cordylidae,Ouroborus,cataphractus,Saxicolous; bites tail to front,bites tail to front,y,n,5,9,7,"(0.082, 0.76, 0.92)",v',,21
cordylidae_platysaurus_capensis_cas203515,cordylidae,Cordylidae,Platysaurus,capensis,Saxicolous,saxicolous,n,n,5,9,10,"(0.10, 0.51, 0.40)",o',,24
cordylidae_platysaurus_guttatus_uf87100,cordylidae,Cordylidae,Platysaurus,guttatus,Saxicolous,saxicolous,n,n,5,9,10,"(0.10, 0.51, 0.40)",o',,24
cordylidae_platysaurus_lebomboensis_cas,cordylidae,Cordylidae,Platysaurus,lebomboensis,saxicolous,saxicolous,n,n,5,5,14,"(0.10, 0.51, 0.40)",o',,24
cordylidae_pseudocordylus_langi_ps-langi,cordylidae,Cordylidae,Pseudocordylus,microlepidotus,Saxicolous,saxicolous,n,n,5,14,4,"(0.10, 0.51, 0.40)",o',,23
cordylidae_pseudocordylus_microlepidotus-uf87641,cordylidae,Cordylidae,Pseudocordylus,langi,Saxicolus,saxicolous,n,n,5,9,10,"(0.10, 0.51, 0.40)",o',,24
cordylidae_smaug_giganteus_uf119459_sg,cordylidae,Cordylidae,Smaug,giganteus,Terrestrail,terrestrial,y,n,5,9,9,"(0.10, 0.51, 0.40)",X',,23
cordylidae_smaug_swazicus_sswazicus,cordylidae,Cordylidae,Smaug,swazicus,Saxicolous,saxicolous,y,n,5,8,11,"(0.10, 0.51, 0.40)",o',,24
cordylidae_smaug_vandami_sv,cordylidae,Cordylidae,Smaug,vandami,Saxicolous,saxicolous,y,n,5,9,10,"(0.10, 0.51, 0.40)",o',,24
corytophanidae_basiliscus_vittatus_uf16636,iguania,Corytophanidae,Basiliscus,vittatus,runs on water,semi-arboreal,n,n,2,10,10,"(0.78, 0.16, 0.16)",d',,22
crotaphytidae_crotaphytus_collaris_uf29333,iguania,Crotaphytidae,Crotaphytus,collaris,Saxicolus,saxicolous,n,n,5,5,12,"(0.78, 0.16, 0.16)",o',,22
dibamidae_dibamus_novaeguineae_uf-h-33488,NA,Dibamidae,Dibamus,novaeguineae,burrowing,burrowing,n,n,5,43,80,"(0.60, 0.50, 0.46)",s',sister to all other lizards; leave out for LOO classification CM's,128
eublepharidae_eublepharis_macularius_uf78934,gekkota,Gekkota Eublepharidae,Eublepharis,macularius,Terrestrial,terrestrial,n,n,5,5,14,"(0.41, 0.227, 0.6)",X',,24
gekkonidae_gekko_gecko_uf-83669,gekkota,Gekkonidae,Gekko,gecko,Arboreal,arboreal,y,n,5,8,11,"(0.41, 0.227, 0.6)",d',,24
gekkota_hoplodactylus_cm51270,gekkota,Diplodactylidae,Hoplodactylus,duvaucelii,Arboreal,arboreal,n,n,5,7,12,"(0.41, 0.227, 0.6)",d',,24
gekkota_tarentola_americana_uf160807,gekkota,Gekkota Phyllodactylidae,Tarentola,americana,Saxicolous,saxicolous,y,n,5,5,15,"(0.41, 0.227, 0.6)",o',,25
gerrhosauridae_broadleysaurus_major_mcz141077_vert,gerrhosauridae,Gerrhosauridae,Broadleysaurus,major,Terrestrail,terrestrial,y,n,5,9,12,"(0.98, 0.39, 0.14)",X',,26
gerrhosauridae_cordylosaurus_subtessellatus_mcz19331,gerrhosauridae,Gerrhosauridae,Cordylosaurus,subtessellatus,Saxicolous,saxicolous,y,n,5,7,14,"(0.98, 0.39, 0.14)",o',,26
gerrhosauridae_gerrhosaurus_flavigularis,gerrhosauridae,Gerrhosauridae,Gerrhosaurus,skoogi,swims in sand,sand swimmer,y,n,5,9,12,"(0.98, 0.39, 0.14)",+',,26
gerrhosauridae_gerrhosaurus_skoogi_cas,gerrhosauridae,Gerrhosauridae,Matobosaurus,maltzahni,Saxicolous,saxicolous,y,n,5,7,12,"(0.98, 0.39, 0.14)",o',,24
gerrhosauridae_matobosaurus_maltzahni_mcz185081,gerrhosauridae,Gerrhosauridae,Tetradactylus,tetradactylus,swims in grass,grass swimmer,y,n,5,9,10,"(0.98, 0.39, 0.14)",P',,24
gerrhosauridae_tetradactylus_africanus,gerrhosauridae,Gerrhosauridae,Zonosaurus,haraldmeieri,Saxicolous,saxicolous,y,n,5,11,19,"(0.98, 0.39, 0.14)",o',,35
gerrhosauridae_tetradactylus_tetradactylus_ummz,gerrhosauridae,Gerrhosauridae,Tetradactylus,africanus,swims in grass,grass swimmer,y,n,5,7,17,"(0.98, 0.39, 0.14)",P',,29
gerrhosauridae_zonosaurus_haraldmeieri_uf,gerrhosauridae,Gerrhosauridae,Gerrhosaurus,flavigularis,Saxicolous,saxicolous,y,n,4,14,8,"(0.98, 0.39, 0.14)",o',,26
gymnopthalmidae_alopoglossus_buckleyi_amnh113763,laterata,Gymnopthalmidae,Alopoglossus,buckleyi,terrestrial,terrestrial,n,n,5,5,14,"(0.73, 0.14, 0.5)",X',,24
gymnopthalmidae_oreosaurus_luctuosus_uf90825,laterata,Gymnopthalmidae,Oreosaurus,luctuosus,terrestrial,terrestrial,n,n,5,5,13,"(0.73, 0.14, 0.5)",X',,23
gymopthalmidae_bachia_bresslaui_uf69434,laterata,Gymnopthalmidae,Bachia,bresslaui,terretrial/burrowing,burrowing,n,n,5,21,17,"(0.73, 0.14, 0.5)",s',,43
helodermidae_heloderma_horridum_uf153328,anguimorpha,Helodermidae,Heloderma,horridum,terrestrial,terrestrial,y,n,5,5,22,"(1.00, 0.79, 0.20)",X',,32
homalopsidae_homalopsis_buccata_uf61845,snake,Snake Homalopsidae,Homalopsis,buccata,snake,snake,n,n,0,1,0,"(0.25, 0.22, 0.2)",2',,1
hoplocercidae_enyaloides_oshaughnessyi_uf191439,iguania,Hoplocercidae,Enyaloides,oshaughnessyi,terrestrial,terrestrial,n,n,5,6,11,"(0.78, 0.16, 0.16)",X',,22
iguanidae_iguana_iguana_uf181922,iguania,Iguanidae,Iguana,iguana,Arboreal,arboreal,n,n,5,9,7,"(0.78, 0.16, 0.16)",d',,21
lacertidae_gallotia_galloiti_uf89367,laterata,Lacertidae,Lacerta,agilis,terrestrial,terrestrial,n,n,5,5,13,"(0.145, 0.39, 0.075)",X',,23
lacertidae_lacerta_agilis_uf-91747,laterata,Lacertidae,Gallotia,galloiti,terrestrial,terrestrial,n,n,5,9,11,"(0.145, 0.39, 0.075)",X',,25
lacertidae_takydromus_smaragdinus_uf-herp-130140,laterata,Lacertidae,Takydromus,smaragdinus,grass swimmer,grass swimmer,n,n,5,7,12,"(0.145, 0.39, 0.075)",P',,24
lanthanotidae_lanthanotus_borneensis_uf16268,anguimorpha,Lanthanotidae,Lanthonotus,borneensis,burrowing in mud/aquatic,burrowing,y,y,5,11,18,"(1.00, 0.79, 0.20)",s',,34
leiocephalidae_leiocephalus_uf188922,iguania,Leiocephalidae,Leiocephalus,carinatus,terrestrial,terrestrial,n,n,5,5,9,"(0.78, 0.16, 0.16)",X',,19
leiosauridae_leiosaurus_belli_fmnh6537,iguania,Leiosauridae,Leiosaurus,belli,terrestrial,terrestrial,n,n,5,5,12,"(0.78, 0.16, 0.16)",X',,22
phrynosomatidae_phrynosoma_cornutum_uf124940,iguania,Phrynosomatidae,Phrynosoma,cornutum,"terrestrial- spikey, eats ants- ecological equivolent to Ouroborus",terrestrial,y,n,2,2,10,"(0.78, 0.16, 0.16)",X',,14
phrynosomatidae_sceloporus_uf51331,iguania,Phrynosomatidae,Sceloporus,torquatus,terrestrial,terrestrial/arboreal,n,n,5,5,10,"(0.78, 0.16, 0.16)",X',,20
polycrotidae_polychrous_mamoratus_uf,iguania,Polycrotidae,Polychrous,mamoratus,arboreal,arboreal,n,n,5,9,11,"(0.78, 0.16, 0.16)",d',,25
pygopodidae_lialis_burtonis_uf43419,gekkota,Pygopodidae,Lialis,burtonis,terrestrial-limbless,burrowing,n,n,5,10,36,"(0.41, 0.227, 0.6)",s',,51
rhineuridae_rhineura_floridana_uf-80435,amphisbaenea,Rhineuridae,Rhineura,floridana,limbless burrowing in dirt,head burrowing,n,n,NA,NA,NA,"(0.60, 0.50, 0.46)",s',not reliable to distinguish c/t/l split,0
schinisauridae_shinosaurus_crocodilurus_uf45615,anguimorpha,Schinisauridae,Shinosaurus,crocodilurus,semi-aquatic,semi-aquatic,y,y,5,5,14,"(1.00, 0.79, 0.20)",X',,24
scincidae_acontias_meleagris,scincidae,Scincidae,Acontias,meleagris,limbless burrowing in dirt,head burrowing,y,n,5,23,39,"(0.65, 0.69, 0.12)",s',,67
scincidae_ateuchosaurus_pellopleurus,scincidae,Scincidae,Ateuchosaurus,pellopleurus,terrestrial,terrestrial,y,n,5,11,11,"(0.65, 0.69, 0.12)",X',,27
scincidae_chalcides_guentheri_uf14800,scincidae,Scincidae,Chalcides,guentheri,grass swimmer,grass swimmer,n,n,5,5,51,"(0.65, 0.69, 0.12)",P',,61
scincidae_egernia_hosmeri,scincidae,Scincidae,Egernia,hosmeri,terrestrial armoured,terrestrial,y,n,5,9,10,"(0.65, 0.69, 0.12)",X',,24
scincidae_mochlus_fernandi_uf27596,scincidae,Scincidae,Mochlus,fernandi,terrestrial/limbed burrowing in dirt,limb burrowing,y,n,5,9,14,"(0.65, 0.69, 0.12)",s',,28
scincidae_tiliqua_rugosa_uf87304,scincidae,Scincidae,Tribolonotus,novaeguineae,terrestrial armoured,terrestrial,y,n,5,14,14,"(0.65, 0.69, 0.12)",X',,33
sphaerodactylidae_aristelliger_lar_uf186878,gekkota,Gekkota Sphaerodactylidae,Aristelliger,lar,terrestrial,terrestrial,n,n,5,5,13,"(0.41, 0.227, 0.6)",X',,23
sphenodontidae_sphenodon_punctatus_flmnh,rhynchocephalia,Sphenodontidae,Sphenodon,punctatus,Terrestrial- sister to all lizards,terrestrial,n,n,5,10,8,"(0.60, 0.50, 0.46)",X',,23
teiidae_callopistes_flavipunctatus_ummz118093,laterata,Teiidae,Callopistes,flavipunctatus,large terrestrial like veranus,terrestrial,n,n,4,11,8,"(0.60, 0.50, 0.46)",X',,23
teiidae_crocodilurus_amazonicus_ku127240,laterata,Teiidae,Crocodilurus,amazonicus,semi aquatic,semi-aquatic,n,n,4,9,10,"(0.60, 0.50, 0.46)",X',,23
teiidae_dracaena_guianensis_uf129938,laterata,Teiidae,Dracaena,guianensis,arboreal/aquatic,arboreal,n,y,4,10,9,"(0.60, 0.50, 0.46)",d',,23
teiidae_tupinambis_tex_lsumz47686,laterata,Teiidae,Tupinambis,teguixin,terrestrial,terrestrial,n,n,5,5,13,"(0.60, 0.50, 0.46)",X',,23
tropiduridae_tropidurus_torquatus_uf60944,iguania,Tropiduridae,Tropidurus,torquatus,terrestrial,terrestrial,n,n,5,5,12,"(0.78, 0.16, 0.16)",X',,22
typhlopidae_aniolios_erycinus_uf113561,snake,Snake Typhlopidae,Aniolios,erycinus,snake,snake,n,n,0,1,0,"(0.25, 0.22, 0.2)",2',,1
varanidae_varanus-prasinus-uf71411,anguimorpha,Varanidae,Varanus,komodoensis,terrestrial,terrestrial,y,y,5,9,12,"(1.00, 0.79, 0.20)",X',,26
varanidae_varanus_komodoensis_tnhc113000,anguimorpha,Varanidae,Varanus,prasinus,Terestrial,terrestrial,y,n,5,5,17,"(1.00, 0.79, 0.20)",X',,27
xantusiidae_cricosaura_typica,xantusiidae,Xantusiidae,Cricosaura,typica,reduced limbed terrestrial; lives in leaf litter,terrestrial,n,n,5,11,8,"(0.88, 0.74, 0.59)",X',,24
xantusiidae_lepidophyma_obscura,xantusiidae,Xantusiidae,Lepidophyma,obscura,terrestrial,terrestrial,n,n,5,9,9,"(0.88, 0.74, 0.59)",X',,23
xenosauridae_xenosaurus_platyceps_uf104135,anguimorpha,Xenosauridae,Xenosaurus,platyceps,Saxicolous,Saxicolous,y,n,5,5,19,"(1.00, 0.79, 0.20)",o',,29